{"y": [0.5753869397031323, 0.24431680932219646, 0.10374010808826421, 0.044049404770885744, 0.018703952564021256, 0.007941942537856517, 0.0033722525257011303, 0.0014319024650317996, 0.0006080044877237815, 0.0002581666462066244, 0.00010962092971237352, 4.654647843775883e-05, 1.9764242655498975e-05, 8.39215555840131e-06, 3.5634188541401493e-06, 1.5130741847760087e-06, 6.424710600539305e-07, 2.728016029616721e-07, 1.1583512348744662e-07, 4.918510627387038e-08, 2.08846384959748e-08, 8.867890264969616e-09, 3.765422023785556e-09, 1.5988473688288125e-09, 6.788914742259982e-10, 2.8826618648055366e-10, 1.2240158762161522e-10, 5.197331270520932e-11, 2.2068547361525044e-11, 9.370593431483495e-12, 3.978876353739941e-12, 1.6894828651043614e-12, 7.173764896710843e-13, 3.046074266642639e-13, 1.2934029162506653e-13, 5.491957704660894e-14, 2.331956967997027e-14, 9.901793846618205e-15, 4.204430987641272e-15, 1.7852563084693393e-15, 7.580431445534536e-16], "x": [0, 1, 2, 3, 4, 5, 6, 7, 8, 9, 10, 11, 12, 13, 14, 15, 16, 17, 18, 19, 20, 21, 22, 23, 24, 25, 26, 27, 28, 29, 30, 31, 32, 33, 34, 35, 36, 37, 38, 39, 40]}