{"y": [0.8562307455959776, 0.06013302014259548, 0.02608224333057907, 0.014419722325620351, 0.009105655586731397, 0.006254445653392393, 0.004552718542320423, 0.0034578072322814703, 0.0027128185652878795, 0.002183509573310002, 0.001794243777320615, 0.0014997977718188289, 0.0012717999426148465, 0.0010917285885739315, 0.000947080786407716, 0.0008291720593242189, 0.0007318196104368981, 0.0006505259562629142, 0.0005819569976405521, 0.0005235992083517696, 0.00047352902998405575, 0.00043025440917624175, 0.0003926038086981267, 0.0003596471183873282, 0.00033063840960830123, 0.00030497390589659536, 0.0002821607204140441, 0.00026179332195268036, 0.00024353562226390592, 0.00022710720212530425, 0.00021227261912932165, 0.0001988330342840814, 0.0001866196004720561, 0.00017548820182189257, 0.0001653152377540559, 0.00015599422135585076, 0.0001474330173086619, 0.00013955158566007552, 0.00013228012835892118, 0.00012555755850019197], "x": [1, 2, 3, 4, 5, 6, 7, 8, 9, 10, 11, 12, 13, 14, 15, 16, 17, 18, 19, 20, 21, 22, 23, 24, 25, 26, 27, 28, 29, 30, 31, 32, 33, 34, 35, 36, 37, 38, 39, 40]}